{"cameraMode":{"drawMode":0,"name":"Shaded","section":"Shading Mode"},"sceneLighting":false,"audioPlay":false,"sceneViewState":{"m_AlwaysRefresh":false,"showFog":true,"showSkybox":false,"showFlares":true,"showImageEffects":true,"showParticleSystems":true,"showVisualEffectGraphs":true,"m_FxEnabled":true},"in2DMode":false,"pivot":{"x":3.128999948501587,"y":0.5759999752044678,"z":-5.21540641784668e-8},"rotation":{"x":0.023677615448832513,"y":0.030583711341023446,"z":0.0007238121470436454,"w":-0.9992603063583374},"size":0.1732052117586136,"orthographic":false}